{
    "metadata":{
        "version":3,
        "generator":"io_three",
        "normal":192,
        "type":"BufferGeometry",
        "position":192
    },
    "data":{
        "index":{
            "itemSize":1,
            "type":"Uint16Array",
            "array":[0,1,2,3,4,5,6,7,8,9,10,11,12,13,14,15,16,17,18,19,20,21,22,23,24,25,26,27,28,29,30,31,32,33,34,35,36,37,38,39,40,41,42,43,44,45,46,47,48,49,50,51,52,53,54,55,56,57,58,59,60,61,62,63,64,65,66,67,68,69,70,71,72,73,74,75,76,77,78,79,80,81,82,83,84,85,86,87,88,89,90,91,92,93,94,95,96,97,98,99,100,101,102,103,104,105,106,107,108,109,110,111,112,113,114,115,116,117,118,119,120,121,122,123,124,125,126,127,128,129,130,131,132,133,134,135,136,137,138,139,140,141,142,143,144,145,146,147,148,149,150,151,152,153,154,155,156,157,158,159,160,161,162,163,164,165,166,167,168,169,170,171,172,173,174,175,176,177,178,179,180,181,182,183,184,185,186,187,188,189,190,191]
        },
        "groups":[{
            "count":192,
            "materialIndex":0,
            "start":0
        }],
        "attributes":{
            "position":{
                "itemSize":3,
                "type":"Float32Array",
                "array":[2.81739,-0.770518,-0.261734,0.766325,4.70145,-2.64773,0.754708,4.74064,-2.52948,2.87084,-0.950844,-0.805766,0.753431,4.66306,-2.7661,0.766325,4.70145,-2.64773,2.81151,-1.12748,-1.3504,0.716519,4.62694,-2.88006,0.753431,4.66306,-2.7661,2.64168,-1.29363,-1.87471,0.657009,4.5945,-2.98522,0.716519,4.62694,-2.88006,2.36788,-1.44292,-2.35854,0.577188,4.56696,-3.07753,0.657009,4.5945,-2.98522,2.00063,-1.5696,-2.78329,0.480123,4.5454,-3.15347,0.577188,4.56696,-3.07753,1.55403,-1.66882,-3.13266,0.369544,4.53063,-3.2101,0.480123,4.5454,-3.15347,1.04527,-1.73675,-3.39321,0.249701,4.52324,-3.24524,0.369544,4.53063,-3.2101,0.493871,-1.77078,-3.55492,0.125199,4.52349,-3.25756,0.249701,4.52324,-3.24524,-0.0789571,-1.76962,-3.61159,0.000822723,4.53139,-3.24657,0.125199,4.52349,-3.25756,-0.651207,-1.73329,-3.56104,-0.118648,4.54662,-3.2127,0.000822723,4.53139,-3.24657,-1.20089,-1.66321,-3.4052,-0.228622,4.5686,-3.15725,-0.118648,4.54662,-3.2127,-1.70687,-1.56205,-3.15007,-0.324873,4.5965,-3.08235,-0.228622,4.5686,-3.15725,-2.14972,-1.43372,-2.80545,-0.403702,4.62923,-2.99088,-0.324873,4.5965,-3.08235,-2.51241,-1.28313,-2.38459,-0.462081,4.66553,-2.88635,-0.403702,4.62923,-2.99088,-2.78101,-1.11608,-1.90366,-0.497764,4.70402,-2.77278,-0.462081,4.66553,-2.88635,-2.94519,-0.938995,-1.38113,-0.509382,4.74322,-2.65454,-0.497764,4.70402,-2.77278,-2.99864,-0.758668,-0.837101,-0.496487,4.78161,-2.53616,-0.509382,4.74322,-2.65454,-2.93931,-0.582034,-0.292467,-0.459576,4.81772,-2.42221,-0.496487,4.78161,-2.53616,-2.76948,-0.415881,0.231839,-0.400066,4.85017,-2.31705,-0.459576,4.81772,-2.42221,-2.49568,-0.266593,0.715668,-0.320244,4.8777,-2.22473,-0.400066,4.85017,-2.31705,-2.12843,-0.139909,1.14043,-0.223179,4.89926,-2.1488,-0.320244,4.8777,-2.22473,-1.68183,-0.0406952,1.48979,-0.1126,4.91403,-2.09217,-0.223179,4.89926,-2.1488,-1.17306,0.0272346,1.75034,0.00724311,4.92143,-2.05702,-0.1126,4.91403,-2.09217,-0.621668,0.0612697,1.91206,0.131745,4.92117,-2.0447,0.00724311,4.92143,-2.05702,-0.0488386,0.0601026,1.96872,0.256121,4.91328,-2.05569,0.131745,4.92117,-2.0447,0.523412,0.0237778,1.91817,0.375592,4.89804,-2.08956,0.256121,4.91328,-2.05569,0.375592,4.89804,-2.08956,1.57908,-0.147463,1.5072,0.485566,4.87606,-2.14501,1.57908,-0.147463,1.5072,0.581817,4.84817,-2.21991,0.485566,4.87606,-2.14501,2.02193,-0.275798,1.16258,0.660646,4.81544,-2.31139,0.581817,4.84817,-2.21991,2.38462,-0.426383,0.741719,0.719024,4.77913,-2.41592,0.660646,4.81544,-2.31139,2.65321,-0.59343,0.260784,0.754708,4.74064,-2.52948,0.719024,4.77913,-2.41592,2.81739,-0.770518,-0.261734,2.87084,-0.950844,-0.805766,0.766325,4.70145,-2.64773,2.87084,-0.950844,-0.805766,2.81151,-1.12748,-1.3504,0.753431,4.66306,-2.7661,2.81151,-1.12748,-1.3504,2.64168,-1.29363,-1.87471,0.716519,4.62694,-2.88006,2.64168,-1.29363,-1.87471,2.36788,-1.44292,-2.35854,0.657009,4.5945,-2.98522,2.36788,-1.44292,-2.35854,2.00063,-1.5696,-2.78329,0.577188,4.56696,-3.07753,2.00063,-1.5696,-2.78329,1.55403,-1.66882,-3.13266,0.480123,4.5454,-3.15347,1.55403,-1.66882,-3.13266,1.04527,-1.73675,-3.39321,0.369544,4.53063,-3.2101,1.04527,-1.73675,-3.39321,0.493871,-1.77078,-3.55492,0.249701,4.52324,-3.24524,0.493871,-1.77078,-3.55492,-0.0789571,-1.76962,-3.61159,0.125199,4.52349,-3.25756,-0.0789571,-1.76962,-3.61159,-0.651207,-1.73329,-3.56104,0.000822723,4.53139,-3.24657,-0.651207,-1.73329,-3.56104,-1.20089,-1.66321,-3.4052,-0.118648,4.54662,-3.2127,-1.20089,-1.66321,-3.4052,-1.70687,-1.56205,-3.15007,-0.228622,4.5686,-3.15725,-1.70687,-1.56205,-3.15007,-2.14972,-1.43372,-2.80545,-0.324873,4.5965,-3.08235,-2.14972,-1.43372,-2.80545,-2.51241,-1.28313,-2.38459,-0.403702,4.62923,-2.99088,-2.51241,-1.28313,-2.38459,-2.78101,-1.11608,-1.90366,-0.462081,4.66553,-2.88635,-2.78101,-1.11608,-1.90366,-2.94519,-0.938995,-1.38113,-0.497764,4.70402,-2.77278,-2.94519,-0.938995,-1.38113,-2.99864,-0.758668,-0.837101,-0.509382,4.74322,-2.65454,-2.99864,-0.758668,-0.837101,-2.93931,-0.582034,-0.292467,-0.496487,4.78161,-2.53616,-2.93931,-0.582034,-0.292467,-2.76948,-0.415881,0.231839,-0.459576,4.81772,-2.42221,-2.76948,-0.415881,0.231839,-2.49568,-0.266593,0.715668,-0.400066,4.85017,-2.31705,-2.49568,-0.266593,0.715668,-2.12843,-0.139909,1.14043,-0.320244,4.8777,-2.22473,-2.12843,-0.139909,1.14043,-1.68183,-0.0406952,1.48979,-0.223179,4.89926,-2.1488,-1.68183,-0.0406952,1.48979,-1.17306,0.0272346,1.75034,-0.1126,4.91403,-2.09217,-1.17306,0.0272346,1.75034,-0.621668,0.0612697,1.91206,0.00724311,4.92143,-2.05702,-0.621668,0.0612697,1.91206,-0.0488386,0.0601026,1.96872,0.131745,4.92117,-2.0447,-0.0488386,0.0601026,1.96872,0.523412,0.0237778,1.91817,0.256121,4.91328,-2.05569,0.523412,0.0237778,1.91817,1.07309,-0.0463085,1.76233,0.375592,4.89804,-2.08956,0.375592,4.89804,-2.08956,1.07309,-0.0463085,1.76233,1.57908,-0.147463,1.5072,1.57908,-0.147463,1.5072,2.02193,-0.275798,1.16258,0.581817,4.84817,-2.21991,2.02193,-0.275798,1.16258,2.38462,-0.426383,0.741719,0.660646,4.81544,-2.31139,2.38462,-0.426383,0.741719,2.65321,-0.59343,0.260784,0.719024,4.77913,-2.41592,2.65321,-0.59343,0.260784,2.81739,-0.770518,-0.261734,0.754708,4.74064,-2.52948]
            },
            "normal":{
                "itemSize":3,
                "type":"Float32Array",