{
    "metadata":{
        "generator":"io_three",
        "position":186,
        "version":3,
        "type":"BufferGeometry",
        "normal":186
    },
    "data":{
        "attributes":{
            "position":{
                "array":[-1.19467,1.54883,0.526814,-0.0384882,-1.07375,0.0242706,-1.07066,1.54837,0.749747,-1.07066,1.54837,0.749747,-0.0384882,-1.07375,0.0242706,-0.905547,1.54716,0.944204,-0.905547,1.54716,0.944204,-0.0384882,-1.07375,0.0242706,-0.705674,1.54523,1.10271,-0.705674,1.54523,1.10271,-0.0384882,-1.07375,0.0242706,-0.478724,1.54266,1.21918,-0.478724,1.54266,1.21918,-0.0384882,-1.07375,0.0242706,-0.233419,1.53955,1.28914,-0.233419,1.53955,1.28914,-0.0384882,-1.07375,0.0242706,0.0208152,1.53602,1.30989,0.0208152,1.53602,1.30989,-0.0384882,-1.07375,0.0242706,0.274208,1.5322,1.28063,0.274208,1.5322,1.28063,-0.0384882,-1.07375,0.0242706,0.517021,1.52825,1.20251,0.517021,1.52825,1.20251,-0.0384882,-1.07375,0.0242706,0.739924,1.5243,1.0785,0.739924,1.5243,1.0785,-0.0384882,-1.07375,0.0242706,0.93435,1.52053,0.913391,0.93435,1.52053,0.913391,-0.0384882,-1.07375,0.0242706,1.09283,1.51706,0.713515,1.09283,1.51706,0.713515,-0.0384882,-1.07375,0.0242706,1.20927,1.51403,0.486555,1.20927,1.51403,0.486555,-0.0384882,-1.07375,0.0242706,1.2792,1.51156,0.241235,1.2792,1.51156,0.241235,-0.0384882,-1.07375,0.0242706,1.29992,1.50975,-0.0130192,1.29992,1.50975,-0.0130192,-0.0384882,-1.07375,0.0242706,1.27065,1.50866,-0.266436,1.27065,1.50866,-0.266436,-0.0384882,-1.07375,0.0242706,1.19251,1.50834,-0.509277,1.19251,1.50834,-0.509277,-0.0384882,-1.07375,0.0242706,1.0685,1.50879,-0.732209,1.0685,1.50879,-0.732209,-0.0384882,-1.07375,0.0242706,0.903382,1.51001,-0.926666,0.903382,1.51001,-0.926666,-0.0384882,-1.07375,0.0242706,0.703509,1.51194,-1.08518,0.703509,1.51194,-1.08518,-0.0384882,-1.07375,0.0242706,0.476559,1.51451,-1.20164,0.476559,1.51451,-1.20164,-0.0384882,-1.07375,0.0242706,0.231253,1.51762,-1.2716,0.231253,1.51762,-1.2716,-0.0384882,-1.07375,0.0242706,-0.0229808,1.52115,-1.29235,-0.0229808,1.52115,-1.29235,-0.0384882,-1.07375,0.0242706,-0.276373,1.52496,-1.2631,-0.276373,1.52496,-1.2631,-0.0384882,-1.07375,0.0242706,-0.519187,1.52892,-1.18497,-0.519187,1.52892,-1.18497,-0.0384882,-1.07375,0.0242706,-0.742089,1.53286,-1.06096,-0.742089,1.53286,-1.06096,-0.0384882,-1.07375,0.0242706,-0.936516,1.53664,-0.895852,-0.936516,1.53664,-0.895852,-0.0384882,-1.07375,0.0242706,-1.09499,1.54011,-0.695975,-1.09499,1.54011,-0.695975,-0.0384882,-1.07375,0.0242706,-1.21143,1.54313,-0.469016,-1.21143,1.54313,-0.469016,-0.0384882,-1.07375,0.0242706,-1.28136,1.5456,-0.223695,-1.28136,1.5456,-0.223695,-0.0384882,-1.07375,0.0242706,-1.30209,1.54741,0.0305589,-1.30209,1.54741,0.0305589,-0.0384882,-1.07375,0.0242706,-1.27282,1.5485,0.283976,-1.27282,1.5485,0.283976,-0.0384882,-1.07375,0.0242706,-1.19467,1.54883,0.526814,0.274208,1.5322,1.28063,1.27065,1.50866,-0.266436,-0.276373,1.52496,-1.2631,-1.27282,1.5485,0.283976,-1.19467,1.54883,0.526814,-1.07066,1.54837,0.749747,-1.07066,1.54837,0.749747,-0.905547,1.54716,0.944204,-0.705674,1.54523,1.10271,-0.705674,1.54523,1.10271,-0.478724,1.54266,1.21918,-0.233419,1.53955,1.28914,-0.233419,1.53955,1.28914,0.0208152,1.53602,1.30989,-0.705674,1.54523,1.10271,0.0208152,1.53602,1.30989,0.274208,1.5322,1.28063,-0.705674,1.54523,1.10271,0.274208,1.5322,1.28063,0.517021,1.52825,1.20251,0.739924,1.5243,1.0785,0.739924,1.5243,1.0785,0.93435,1.52053,0.913391,0.274208,1.5322,1.28063,0.93435,1.52053,0.913391,1.09283,1.51706,0.713515,0.274208,1.5322,1.28063,1.09283,1.51706,0.713515,1.20927,1.51403,0.486555,1.27065,1.50866,-0.266436,1.20927,1.51403,0.486555,1.2792,1.51156,0.241235,1.27065,1.50866,-0.266436,1.2792,1.51156,0.241235,1.29992,1.50975,-0.0130192,1.27065,1.50866,-0.266436,1.27065,1.50866,-0.266436,1.19251,1.50834,-0.509277,1.0685,1.50879,-0.732209,1.0685,1.50879,-0.732209,0.903382,1.51001,-0.926666,0.703509,1.51194,-1.08518,0.703509,1.51194,-1.08518,0.476559,1.51451,-1.20164,0.231253,1.51762,-1.2716,0.231253,1.51762,-1.2716,-0.0229808,1.52115,-1.29235,-0.276373,1.52496,-1.2631,-0.276373,1.52496,-1.2631,-0.519187,1.52892,-1.18497,-0.742089,1.53286,-1.06096,-0.742089,1.53286,-1.06096,-0.936516,1.53664,-0.895852,-1.09499,1.54011,-0.695975,-1.09499,1.54011,-0.695975,-1.21143,1.54313,-0.469016,-1.27282,1.5485,0.283976,-1.21143,1.54313,-0.469016,-1.28136,1.5456,-0.223695,-1.27282,1.5485,0.283976,-1.28136,1.5456,-0.223695,-1.30209,1.54741,0.0305589,-1.27282,1.5485,0.283976,-1.27282,1.5485,0.283976,-1.07066,1.54837,0.749747,-0.705674,1.54523,1.10271,1.27065,1.50866,-0.266436,1.0685,1.50879,-0.732209,-0.276373,1.52496,-1.2631,1.0685,1.50879,-0.732209,0.703509,1.51194,-1.08518,-0.276373,1.52496,-1.2631,0.703509,1.51194,-1.08518,0.231253,1.51762,-1.2716,-0.276373,1.52496,-1.2631,-0.276373,1.52496,-1.2631,-0.742089,1.53286,-1.06096,-1.27282,1.5485,0.283976,-0.742089,1.53286,-1.06096,-1.09499,1.54011,-0.695975,-1.27282,1.5485,0.283976,-1.27282,1.5485,0.283976,-0.705674,1.54523,1.10271,0.274208,1.5322,1.28063,0.274208,1.5322,1.28063,1.09283,1.51706,0.713515,1.27065,1.50866,-0.266436,-1.27282,1.5485,0.283976,0.274208,1.5322,1.28063,-0.276373,1.52496,-1.2631],
                "type":"Float32Array",
                "itemSize":3
            },