{
    "metadata":{
        "generator":"io_three",
        "position":254,
        "version":3,
        "type":"BufferGeometry",
        "normal":254
    },
    "data":{
        "attributes":{
            "position":{
                "array":[0,1,-1,0.19509,-1,-0.980785,0,-1,-1,0.19509,1,-0.980785,0.382683,-1,-0.923879,0.19509,-1,-0.980785,0.382683,1,-0.92388,0.55557,-1,-0.83147,0.382683,-1,-0.923879,0.55557,1,-0.83147,0.707107,-1,-0.707107,0.55557,-1,-0.83147,0.707107,1,-0.707107,0.83147,-1,-0.55557,0.707107,-1,-0.707107,0.83147,1,-0.55557,0.92388,-1,-0.382683,0.83147,-1,-0.55557,0.92388,1,-0.382683,0.980785,-1,-0.19509,0.92388,-1,-0.382683,0.980785,1,-0.19509,1,-1,-3.17865e-08,0.980785,-1,-0.19509,1,1,-1.19209e-07,0.980785,-1,0.19509,1,-1,-3.17865e-08,0.980785,1,0.19509,0.92388,-1,0.382683,0.980785,-1,0.19509,0.92388,1,0.382683,0.83147,-1,0.55557,0.92388,-1,0.382683,0.83147,1,0.55557,0.707107,-1,0.707107,0.83147,-1,0.55557,0.707107,1,0.707107,0.55557,-1,0.83147,0.707107,-1,0.707107,0.55557,1,0.83147,0.382683,-1,0.92388,0.55557,-1,0.83147,0.382683,1,0.92388,0.19509,-1,0.980785,0.382683,-1,0.92388,0.19509,1,0.980785,-3.25841e-07,-1,1,0.19509,-1,0.980785,-3.25841e-07,1,1,-0.195091,-1,0.980785,-3.25841e-07,-1,1,-0.195091,1,0.980785,-0.382684,-1,0.923879,-0.195091,-1,0.980785,-0.382684,1,0.923879,-0.555571,-1,0.831469,-0.382684,-1,0.923879,-0.555571,1,0.831469,-0.707107,-1,0.707106,-0.555571,-1,0.831469,-0.707107,1,0.707106,-0.83147,-1,0.55557,-0.707107,-1,0.707106,-0.83147,1,0.55557,-0.92388,-1,0.382683,-0.83147,-1,0.55557,-0.92388,1,0.382683,-0.980785,-1,0.19509,-0.92388,-1,0.382683,-0.980785,1,0.195089,-1,-1,-9.21888e-07,-0.980785,-1,0.19509,-1,1,-1.00931e-06,-0.980785,-1,-0.195091,-1,-1,-9.21888e-07,-0.980785,1,-0.195091,-0.923879,-1,-0.382684,-0.980785,-1,-0.195091,-0.923879,1,-0.382684,-0.831469,-1,-0.555571,-0.923879,-1,-0.382684,-0.831469,1,-0.555571,-0.707106,-1,-0.707108,-0.831469,-1,-0.555571,-0.707106,1,-0.707108,-0.555569,-1,-0.83147,-0.707106,-1,-0.707108,-0.555569,1,-0.83147,-0.382682,-1,-0.92388,-0.555569,-1,-0.83147,-0.382682,1,-0.92388,-0.195089,-1,-0.980785,-0.382682,-1,-0.92388,-0.195089,1,-0.980786,0,-1,-1,-0.195089,-1,-0.980785,0.980785,-1,-0.19509,0.19509,-1,0.980785,-0.980785,-1,0.19509,0,1,-1,0.19509,1,-0.980785,0.19509,-1,-0.980785,0.19509,1,-0.980785,0.382683,1,-0.92388,0.382683,-1,-0.923879,0.382683,1,-0.92388,0.55557,1,-0.83147,0.55557,-1,-0.83147,0.55557,1,-0.83147,0.707107,1,-0.707107,0.707107,-1,-0.707107,0.707107,1,-0.707107,0.83147,1,-0.55557,0.83147,-1,-0.55557,0.83147,1,-0.55557,0.92388,1,-0.382683,0.92388,-1,-0.382683,0.92388,1,-0.382683,0.980785,1,-0.19509,0.980785,-1,-0.19509,0.980785,1,-0.19509,1,1,-1.19209e-07,1,-1,-3.17865e-08,1,1,-1.19209e-07,0.980785,1,0.19509,0.980785,-1,0.19509,0.980785,1,0.19509,0.92388,1,0.382683,0.92388,-1,0.382683,0.92388,1,0.382683,0.83147,1,0.55557,0.83147,-1,0.55557,0.83147,1,0.55557,0.707107,1,0.707107,0.707107,-1,0.707107,0.707107,1,0.707107,0.55557,1,0.83147,0.55557,-1,0.83147,0.55557,1,0.83147,0.382683,1,0.92388,0.382683,-1,0.92388,0.382683,1,0.92388,0.19509,1,0.980785,0.19509,-1,0.980785,0.19509,1,0.980785,-3.25841e-07,1,1,-3.25841e-07,-1,1,-3.25841e-07,1,1,-0.195091,1,0.980785,-0.195091,-1,0.980785,-0.195091,1,0.980785,-0.382684,1,0.923879,-0.382684,-1,0.923879,-0.382684,1,0.923879,-0.555571,1,0.831469,-0.555571,-1,0.831469,-0.555571,1,0.831469,-0.707107,1,0.707106,-0.707107,-1,0.707106,-0.707107,1,0.707106,-0.83147,1,0.55557,-0.83147,-1,0.55557,-0.83147,1,0.55557,-0.92388,1,0.382683,-0.92388,-1,0.382683,-0.92388,1,0.382683,-0.980785,1,0.195089,-0.980785,-1,0.19509,-0.980785,1,0.195089,-1,1,-1.00931e-06,-1,-1,-9.21888e-07,-1,1,-1.00931e-06,-0.980785,1,-0.195091,-0.980785,-1,-0.195091,-0.980785,1,-0.195091,-0.923879,1,-0.382684,-0.923879,-1,-0.382684,-0.923879,1,-0.382684,-0.831469,1,-0.555571,-0.831469,-1,-0.555571,-0.831469,1,-0.555571,-0.707106,1,-0.707108,-0.707106,-1,-0.707108,-0.707106,1,-0.707108,-0.555569,1,-0.83147,-0.555569,-1,-0.83147,-0.555569,1,-0.83147,-0.382682,1,-0.92388,-0.382682,-1,-0.92388,-0.382682,1,-0.92388,-0.195089,1,-0.980786,-0.195089,-1,-0.980785,-0.195089,1,-0.980786,0,1,-1,0,-1,-1,-0.195089,-1,-0.980785,0,-1,-1,0.19509,-1,-0.980785,0.382683,-1,-0.923879,0.55557,-1,-0.83147,0.55557,-1,-0.83147,0.707107,-1,-0.707107,0.83147,-1,-0.55557,0.83147,-1,-0.55557,0.92388,-1,-0.382683,0.980785,-1,-0.19509,1,-1,-3.17865e-08,0.980785,-1,0.19509,0.980785,-1,0.19509,0.92388,-1,0.382683,0.980785,-1,-0.19509,0.92388,-1,0.382683,0.83147,-1,0.55557,0.83147,-1,0.55557,0.707107,-1,0.707107,0.19509,-1,0.980785,0.707107,-1,0.707107,0.55557,-1,0.83147,0.19509,-1,0.980785,0.382683,-1,0.92388,-3.25841e-07,-1,1,-0.195091,-1,0.980785,-0.382684,-1,0.923879,-0.555571,-1,0.831469,-0.555571,-1,0.831469,-0.707107,-1,0.707106,-0.83147,-1,0.55557,-0.83147,-1,0.55557,-0.92388,-1,0.382683,-0.980785,-1,0.19509,-1,-1,-9.21888e-07,-0.980785,-1,-0.195091,-0.980785,-1,-0.195091,-0.923879,-1,-0.382684,-0.831469,-1,-0.555571,-0.831469,-1,-0.555571,-0.707106,-1,-0.707108,-0.555569,-1,-0.83147,-0.555569,-1,-0.83147,-0.382682,-1,-0.92388,-0.195089,-1,-0.980785,0.19509,-1,-0.980785,0.19509,-1,0.980785,-0.195091,-1,0.980785,-0.980785,-1,0.19509,-0.195091,-1,0.980785,-0.555571,-1,0.831469,-0.980785,-1,0.19509,-0.555571,-1,0.831469,-0.83147,-1,0.55557,-0.980785,-1,0.19509,0.980785,-1,-0.19509,0.83147,-1,0.55557,0.19509,-1,0.980785],
                "type":"Float32Array",
                "itemSize":3
            },