{
    "metadata":{
        "type":"BufferGeometry",
        "generator":"io_three",
        "uv":106,
        "version":3,
        "position":106,
        "normal":106
    },
    "data":{
        "index":{
            "type":"Uint16Array",
            "array":[0,1,2,1,3,4,5,6,7,8,9,10,11,12,13,14,15,16,15,17,18,16,15,18,17,19,20,21,22,23,20,19,24,25,26,27,26,28,29,27,26,29,28,30,31,30,32,33,34,35,36,32,37,38,37,39,40,38,37,40,41,42,43,42,44,43,45,46,39,47,48,41,38,33,32,31,29,28,49,23,22,20,18,17,16,50,51,52,53,54,55,4,3,4,2,1,56,57,58,59,60,61,62,63,64,63,65,66,67,68,69,65,70,71,70,72,73,74,75,76,77,78,79,76,75,80,78,81,82,83,84,85,86,87,88,87,89,90,88,87,90,91,92,93,92,94,95,94,96,95,97,98,99,98,100,89,100,90,89,88,82,81,82,101,78,101,79,78,73,71,70,71,102,65,102,66,65,103,104,105],
            "itemSize":1
        },
        "groups":[{
            "materialIndex":0,
            "start":0,
            "count":180
        }],
        "attributes":{
            "uv":{
                "type":"Float32Array",
                "array":[0.399351,0.989765,0.449416,0.997435,0.5,0,0.5,1,0.550584,0.00256532,0.5,1,0.550584,0.997435,0.600649,0.010235,0.550584,0.997435,0.600649,0.989765,0.649681,0.0229303,0.600649,0.989765,0.649682,0.97707,0.697178,0.040521,0.649682,0.97707,0.697178,0.959479,0.697178,0.040521,0.742651,0.937173,0.742651,0.0628266,0.785634,0.910382,0.785634,0.0896182,0.785634,0.910382,0.825686,0.879379,0.825686,0.120621,0.825686,0.120621,0.825686,0.879379,0.862396,0.844483,0.862396,0.155516,0.895388,0.806053,0.895388,0.193947,0.924322,0.764482,0.924322,0.235518,0.948902,0.720197,0.948902,0.279803,0.924322,0.235518,0.924322,0.764482,0.948902,0.279803,0.968876,0.673653,0.968876,0.326347,0.984039,0.625326,0.984038,0.374674,0.984039,0.625326,0.994234,0.575714,0.999358,0.474675,0.999358,0.525324,0.999358,0.474675,0.994234,0.424286,0.994234,0.424286,0.984038,0.374674,0.862396,0.155516,0.649681,0.0229303,0.600649,0.989765,0.649681,0.0229303,0.600649,0.010235,0.550584,0.997435,0.600649,0.010235,0.5,0,0.449416,0.00256535,0.399351,0.989765,0.449416,0.00256535,0.39935,0.0102351,0.350319,0.97707,0.39935,0.0102351,0.350318,0.0229305,0.350319,0.97707,0.302822,0.0405212,0.302823,0.959479,0.350319,0.97707,0.350318,0.0229305,0.302823,0.959479,0.257349,0.0628269,0.214366,0.910382,0.214366,0.0896185,0.174314,0.879379,0.214366,0.0896185,0.174313,0.120621,0.174314,0.879379,0.174313,0.120621,0.137603,0.155517,0.137604,0.844484,0.137604,0.844484,0.104612,0.193947,0.0756781,0.764482,0.104612,0.193947,0.0756777,0.235518,0.0510979,0.720197,0.0756777,0.235518,0.0510976,0.279803,0.0510979,0.720197,0.0311238,0.326348,0.0311241,0.673653,0.0311238,0.326348,0.0159613,0.374674,0.00576589,0.575714,0.0057658,0.424286,0.000641763,0.525325,0.000641733,0.474676,0.000641763,0.525325,0.00576589,0.575714,0.0159613,0.374674,0.0159615,0.625327,0.104612,0.806053,0.257349,0.937174,0.350319,0.97707,0.399351,0.989765,0.449416,0.00256535],
                "itemSize":2
            },
            "position":{
                "type":"Float32Array",
                "array":[31.892,51.8,-11.7373,32.5,51.8,6.17504e-06,-32.3456,51.8,-5.95165,32.3456,51.8,5.95167,-32.5,51.8,6.17504e-06,32.3456,51.8,5.95167,31.892,51.8,11.7373,-31.892,51.8,11.7373,31.892,51.8,11.7373,30.5098,51.8,20.9386,-30.5098,51.8,20.9386,30.5098,51.8,20.9386,28.4026,51.8,29.4811,-28.4026,51.8,29.4811,28.4026,51.8,29.4811,25.6365,51.8,37.2415,-28.4026,51.8,29.4811,22.9937,51.8,42.8038,-25.6365,51.8,37.2415,20.0058,51.8,47.7233,-22.9937,51.8,42.8038,20.0058,51.8,47.7233,17.5586,51.8,50.953,-20.0058,51.8,47.7233,-20.0058,51.8,47.7233,17.5586,51.8,50.953,14.9507,51.8,53.7591,-17.5586,51.8,50.953,12.1962,51.8,56.1147,-14.9507,51.8,53.7591,10.2856,51.8,57.4218,-12.1962,51.8,56.1147,8.3205,51.8,58.5089,-10.2856,51.8,57.4218,-12.1962,51.8,56.1147,10.2856,51.8,57.4218,-10.2856,51.8,57.4218,6.30515,51.8,59.3681,-8.3205,51.8,58.5089,4.24378,51.8,59.9917,-6.30515,51.8,59.3681,4.24378,51.8,59.9917,2.14065,51.8,60.3716,-2.14065,51.8,60.3716,0,51.8,60.5,-2.14065,51.8,60.3716,-4.24378,51.8,59.9917,-4.24378,51.8,59.9917,-6.30515,51.8,59.3681,-17.5586,51.8,50.953,-30.5098,51.8,20.9386,30.5098,51.8,20.9386,-30.5098,51.8,20.9386,-31.892,51.8,11.7373,31.892,51.8,11.7373,-31.892,51.8,11.7373,-32.3456,51.8,-5.95165,-31.892,51.8,-11.7373,31.892,51.8,-11.7373,-31.892,51.8,-11.7373,-30.5098,51.8,-20.9385,30.5098,51.8,-20.9385,-30.5098,51.8,-20.9385,-28.4026,51.8,-29.4811,30.5098,51.8,-20.9385,-25.6365,51.8,-37.2415,28.4026,51.8,-29.4811,30.5098,51.8,-20.9385,-28.4026,51.8,-29.4811,28.4026,51.8,-29.4811,-22.9937,51.8,-42.8037,22.9937,51.8,-42.8037,-20.0058,51.8,-47.7232,20.0058,51.8,-47.7232,-20.0058,51.8,-47.7232,-17.5586,51.8,-50.953,20.0058,51.8,-47.7232,-17.5586,51.8,-50.953,-14.9507,51.8,-53.7591,17.5586,51.8,-50.953,17.5586,51.8,-50.953,-12.1962,51.8,-56.1147,12.1962,51.8,-56.1147,-12.1962,51.8,-56.1147,-10.2856,51.8,-57.4218,10.2856,51.8,-57.4218,-10.2856,51.8,-57.4218,-8.3205,51.8,-58.5089,10.2856,51.8,-57.4218,-6.30515,51.8,-59.3681,8.3205,51.8,-58.5089,-6.30515,51.8,-59.3681,-4.24378,51.8,-59.9917,4.24378,51.8,-59.9917,-2.14065,51.8,-60.3716,2.14065,51.8,-60.3716,0,51.8,-60.5,2.14065,51.8,-60.3716,4.24378,51.8,-59.9917,-4.24378,51.8,-59.9917,6.30515,51.8,-59.3681,14.9507,51.8,-53.7591,25.6365,51.8,-37.2415,30.5098,51.8,-20.9385,31.892,51.8,-11.7373,-31.892,51.8,-11.7373],
                "itemSize":3
            },
            "normal":{
                "type":"Float32Array",
                "array":[0,-1,-0,0,-1,-0,0,-1,-0,0,-1,0,0,-1,0,0,-1,0,0,-1,0,0,-1,0,0,-1,-4.14583e-07,0,-1,-4.14583e-07,0,-1,-4.14583e-07,0,-1,0,0,-1,0,0,-1,0,0,-1,0,0,-1,0,0,-1,0,0,-1,0,0,-1,0,0,-1,0,0,-1,0,0,-1,-1.18109e-06,0,-1,-1.18109e-06,0,-1,-1.18109e-06,0,-1,-0,0,-1,0,0,-1,0,0,-1,0,0,-1,0,0,-1,0,0,-1,0,0,-1,0,0,-1,0,0,-1,0,0,-1,-0,0,-1,-0,0,-1,-0,0,-1,0,0,-1,0,0,-1,0,0,-1,0,0,-1,0,0,-1,0,0,-1,0,0,-1,0,0,-1,0,0,-1,0,-0,-1,0,-0,-1,0,0,-1,-1.18109e-06,0,-1,0,0,-1,0,-0,-1,-4.14583e-07,-0,-1,-4.14583e-07,-0,-1,-4.14583e-07,-0,-1,0,0,-1,0,0,-1,0,0,-1,0,-0,-1,-4.14583e-07,-0,-1,-4.14583e-07,-0,-1,-4.14583e-07,-0,-1,0,-0,-1,0,-0,-1,0,-0,-1,0,-0,-1,0,0,-1,0,0,-1,0,0,-1,0,0,-1,0,0,-1,0,0,-1,0,0,-1,0,0,-1,-1.18109e-06,0,-1,-1.18109e-06,0,-1,-1.18109e-06,-0,-1,0,-0,-1,0,-0,-1,0,-0,-1,-1.18109e-06,0,-1,0,0,-1,0,0,-1,0,0,-1,0,0,-1,0,-0,-1,0,-0,-1,0,-0,-1,0,-0,-1,0,-0,-1,0,0,-1,0,0,-1,0,0,-1,0,0,-1,0,0,-1,0,-0,-1,0,0,-1,-0,0,-1,-0,0,-1,-0,0,-1,-0,0,-1,-0,0,-1,-0,0,-1,-4.14583e-07,0,-1,-4.14583e-07,0,-1,-4.14583e-07],
                "itemSize":3
            }
        }
    }
}